EMG_time_ms,EMG_value,FORCE_time_ms,FORCE_newtons
0.0,0.0,0.467,0.004029170813358407
0.4655172734839499,0.0,0.934,0.1565346018535385
0.9310345469678998,0.0,1.399,0.013399993478887762
1.3965518204518497,0.0,1.859,0.024293294206449434
1.8620690939357996,0.0,2.325,0.008386478118621699
2.3275863674197494,0.0,2.791,0.017757300784151053
2.7931036409036993,0.0,3.257,0.041066185514885944
3.2586209143876492,0.0,3.721,0.022114608089414234
3.724138187871599,0.0,4.187,0.00032813649190477356
4.189655461355549,0.0,4.655,0.01122137229065956
4.655172734839499,0.0,5.117,0.004029170813358407
5.120690008323448,0.0,5.58,0.07374595783995697
5.586207281807399,0.0,6.05,0.0018505496251303155
6.051724555291348,0.0,6.514,0.010565099306849901
6.5172418287752985,0.0,6.976,0.017757300784151053
6.982759102259248,0.0,7.442,0.03670894313842954
7.448276375743198,0.0,7.905,0.014922406612113193
7.913793649227148,0.0,8.371,0.00032813649190477356
8.379310922711097,0.0,8.836,0.023637021222639776
8.844828196195047,0.0,9.302,0.004029170813358407
9.310345469678998,0.0,9.767,0.019935986901186142
9.775862743162946,0.0,10.232,0.013399993478887762
10.241380016646897,0.0,10.699,0.024293294206449434
10.706897290130847,0.0,11.164,0.009042751102431357
11.172414563614797,0.0,11.625,0.01274378542388499
11.637931837098746,0.0,12.095,0.01557867959592285
12.103449110582696,0.0,12.558,0.00032813649190477356
12.568966384066647,0.0,13.021,0.010565099306849901
13.034483657550597,0.0,13.484,0.013399993478887762
13.500000931034545,0.0,13.954,0.42080741491091744
13.965518204518496,0.0,14.42,0.0395438373104674
14.431035478002446,0.0,14.884,0.00032813649190477356
14.896552751486396,0.0,15.349,0.01122137229065956
15.362070024970345,0.0,15.814,0.01122137229065956
15.827587298454295,0.0,16.28,0.01274378542388499
16.293104571938244,0.0,16.739,0.01557867959592285
16.758621845422194,0.0,17.205,0.009042751102431357
17.224139118906145,0.0,17.671,0.01557867959592285
17.689656392390095,0.0,18.137,0.024293294206449434
18.155173665874045,0.0,18.599,0.22908628305217482
18.620690939357996,0.0,19.068,0.009042751102431357
19.086208212841946,0.0,19.529,0.004029170813358407
19.551725486325893,0.0,19.998,0.00032813649190477356
20.017242759809843,0.0,20.464,0.045423492820149125
20.482760033293793,0.0,20.928,0.006864064985396268
20.948277306777744,0.0,21.394,0.00032813649190477356
21.413794580261694,0.0,21.859,0.0018505496251303155
21.879311853745644,0.0,22.324,0.010565099306849901
22.344829127229595,0.0,22.784,0.0062077920015866095
22.810346400713545,0.0,23.25,0.0018505496251303155
23.275863674197492,0.0,23.715,0.006864064985396268
23.741380947681442,0.0,24.18,0.048258386992186986
24.206898221165392,0.0,24.651,0.04607976580395878
24.672415494649343,0.0,25.113,0.009042751102431357
25.137932768133293,0.0,25.576,0.00032813649190477356
25.603450041617243,0.0,26.039,0.03300784388816902
26.068967315101194,0.0,26.507,0.017757300784151053
26.53448458858514,0.0,26.969,0.010565099306849901
27.00000186206909,0.0,27.434,0.004029170813358407
27.46551913555304,0.0,27.901,0.047602178937184325
27.93103640903699,0.0,28.367,0.008386478118621699
28.396553682520942,0.0,28.832,0.006864064985396268
28.862070956004892,0.0,29.298,0.019935986901186142
29.327588229488843,0.0,29.763,0.006864064985396268
29.793105502972793,0.0,30.228,0.006864064985396268
30.25862277645674,0.0,30.689,0.01557867959592285
30.72414004994069,0.0,31.154,0.0062077920015866095
31.18965732342464,0.0,31.625,0.022114608089414234
31.65517459690859,0.0,32.087,0.00032813649190477356
32.12069187039254,0.0,32.549,0.10490331703180267
32.58620914387649,0.0,33.019,0.03017294971613116
33.05172641736044,0.0,33.483,0.03235163583316625
33.51724369084439,0.0,33.946,0.004685443797168065
33.98276096432834,0.0,34.412,0.1354044032398387
34.44827823781229,0.0,34.876,0.022114608089414234
34.91379551129624,0.0,35.342,0.024293294206449434
35.37931278478019,0.0,35.807,0.017757300784151053
35.84483005826414,0.0,36.273,0.03453025702139445
36.31034733174809,0.0,36.74,0.008386478118621699
36.77586460523204,0.0,37.206,0.010565099306849901
37.24138187871599,0.0,37.666,0.0018505496251303155
37.70689915219994,0.0,38.129,0.01122137229065956
38.17241642568389,0.0,38.599,0.010565099306849901
38.63793369916784,0.0,39.061,0.004029170813358407
39.103450972651785,0.0,39.529,0.00032813649190477356
39.56896824613574,0.0,39.992,0.043244871631921034
40.034485519619686,0.0,40.457,0.00032813649190477356
40.50000279310364,0.0,40.92,0.05195948624244762
40.96552006658759,0.0,41.386,0.027994328527902956
41.43103734007154,0.0,41.851,0.01122137229065956
41.89655461355549,0.0,42.316,0.01274378542388499
42.36207188703944,0.0,42.784,0.013399993478887762
42.82758916052339,0.0,43.249,0.03736515119343231
43.293106434007335,0.0,43.715,0.004029170813358407
43.75862370749129,0.0,44.18,0.0062077920015866095
44.224140980975235,0.0,44.643,0.0018505496251303155
44.68965825445919,0.0,45.106,0.010565099306849901
45.155175527943136,0.0,45.569,0.0018505496251303155
45.62069280142709,0.0,46.039,0.0062077920015866095
46.08621007491104,0.0,46.503,0.019279713917376484
46.551727348394984,0.0,46.965,0.010565099306849901
47.01724462187894,0.0,47.431,0.00032813649190477356
47.482761895362884,0.0,47.894,0.024293294206449434
47.94827916884684,0.0,48.36,0.01557867959592285
48.413796442330785,0.0,48.827,0.006864064985396268
48.87931371581474,0.0,49.292,0.022114608089414234
49.344830989298686,0.0,49.759,0.027994328527902956
49.81034826278263,0.0,50.225,0.006864064985396268
50.275865536266586,0.0,50.684,0.05631672861890391
50.74138280975053,0.0,51.15,0.019279713917376484
51.20690008323449,0.0,51.614,0.019935986901186142
51.672417356718434,0.0,52.083,0.028650536582905728
52.13793463020239,0.0,52.547,0.026471915394677525
52.603451903686334,0.0,53.009,0.004685443797168065
53.06896917717028,0.0,53.477,0.00032813649190477356
53.534486450654235,0.0,53.94,0.03017294971613116
54.00000372413818,0.0,54.405,0.00032813649190477356
54.465520997622136,0.0,54.873,0.021458400034411573
54.93103827110608,0.0,55.338,0.047602178937184325
55.396555544590036,0.0,55.802,0.00032813649190477356
55.86207281807398,0.0,56.268,0.05261569429745028
56.32759009155794,0.0,56.732,0.00032813649190477356
56.793107365041884,0.0,57.198,0.023637021222639776
57.25862463852583,0.0,57.659,0.013399993478887762
57.724141912009785,0.0,58.129,0.00032813649190477356
58.18965918549373,0.0,58.592,0.004685443797168065
58.655176458977685,0.0,59.054,0.019279713917376484
59.12069373246163,0.0,59.521,0.010565099306849901
59.586211005945586,0.0,59.984,0.017757300784151053
60.05172827942953,0.0,60.449,0.01557867959592285
60.51724555291348,0.0,60.919,0.004685443797168065
60.98276282639743,0.0,61.385,0.004685443797168065
61.44828009988138,0.0,61.844,0.00032813649190477356
61.913797373365334,0.0,62.31,0.025815642410867867
62.37931464684928,0.0,62.776,0.006864064985396268
62.844831920333235,0.0,63.242,0.0062077920015866095
63.31034919381718,0.0,63.706,0.027994328527902956
63.77586646730113,0.0,64.172,0.006864064985396268
64.24138374078508,0.0,64.636,0.006864064985396268
64.70690101426904,0.0,65.106,0.019935986901186142
65.17241828775298,0.0,65.569,0.030829222699940817
65.63793556123693,0.0,66.032,0.019935986901186142
66.10345283472088,0.0,66.495,0.004685443797168065
66.56897010820484,0.0,66.965,0.019279713917376484
67.03448738168878,0.0,67.431,0.0018505496251303155
67.50000465517273,0.0,67.894,0.00032813649190477356
67.96552192865668,0.0,68.36,0.030829222699940817
68.43103920214062,0.0,68.825,0.030829222699940817
68.89655647562458,0.0,69.284,0.009042751102431357
69.36207374910853,0.0,69.75,0.00032813649190477356
69.82759102259249,0.0,70.216,0.008386478118621699
70.29310829607643,0.0,70.681,0.009042751102431357
70.75862556956038,0.0,71.147,0.01274378542388499
71.22414284304433,0.0,71.61,0.008386478118621699
71.68966011652827,0.0,72.08,0.00032813649190477356
72.15517739001223,0.0,72.54,0.014922406612113193
72.62069466349618,0.0,73.01,0.01122137229065956
73.08621193698013,0.0,73.469,0.006864064985396268
73.55172921046407,0.0,73.934,0.013399993478887762
74.01724648394803,0.0,74.4,0.009042751102431357
74.48276375743198,0.0,74.865,0.0018505496251303155
74.94828103091592,0.0,75.331,0.00032813649190477356
75.41379830439988,0.0,75.796,0.03888756432665774
75.87931557788383,0.0,76.261,0.019935986901186142
76.34483285136778,0.0,76.728,0.03453025702139445
76.81035012485172,0.0,77.194,0.01557867959592285
77.27586739833568,0.0,77.654,0.00032813649190477356
77.74138467181963,0.0,78.124,0.01274378542388499
78.20690194530357,0.0,78.585,0.006864064985396268
78.67241921878752,0.0,79.054,0.004685443797168065
79.13793649227148,0.0,79.517,0.0018505496251303155
79.60345376575543,0.0,79.98,0.01122137229065956
80.06897103923937,0.0,80.446,0.01274378542388499
80.53448831272333,0.0,80.909,0.01274378542388499
81.00000558620728,0.0,81.374,0.006864064985396268
81.46552285969122,0.0,81.839,0.03235163583316625
81.93104013317517,0.0,82.305,0.004685443797168065
82.39655740665913,0.0,82.77,0.025815642410867867
82.86207468014308,0.0,83.236,0.01122137229065956
83.32759195362702,0.0,83.703,0.013399993478887762
83.79310922711097,0.0,84.168,0.01122137229065956
84.25862650059493,0.0,84.629,0.01557867959592285
84.72414377407888,0.0,85.098,0.00032813649190477356
85.18966104756282,0.0,85.562,0.017757300784151053
85.65517832104678,0.0,86.024,0.027994328527902956
86.12069559453073,0.0,86.495,0.00032813649190477356
86.58621286801467,0.0,86.958,0.0018505496251303155
87.05173014149862,0.0,87.424,0.01122137229065956
87.51724741498258,0.0,87.884,0.008386478118621699
87.98276468846653,0.0,88.349,0.00032813649190477356
88.44828196195047,0.0,88.814,0.002506757680132976
88.91379923543442,0.0,89.28,0.004029170813358407
89.37931650891838,0.0,89.747,0.01122137229065956
89.84483378240232,0.0,90.212,0.002506757680132976
90.31035105588627,0.0,90.677,0.008386478118621699
90.77586832937023,0.0,91.143,0.05195948624244762
91.24138560285418,0.0,91.606,0.027994328527902956
91.70690287633812,0.0,92.076,0.00032813649190477356
92.17242014982207,0.0,92.54,0.01710109272914828
92.63793742330603,0.0,93.002,0.024293294206449434
93.10345469678997,0.0,93.468,0.008386478118621699
93.56897197027392,0.0,93.933,0.002506757680132976
94.03448924375787,0.0,94.398,0.0018505496251303155
94.50000651724183,0.0,94.865,0.002506757680132976
94.96552379072577,0.0,95.331,0.0018505496251303155
95.43104106420972,0.0,95.795,0.002506757680132976
95.89655833769368,0.0,96.261,0.01557867959592285
96.36207561117762,0.0,96.725,0.00032813649190477356
96.82759288466157,0.0,97.184,0.01122137229065956
97.29311015814552,0.0,97.654,0.010565099306849901
97.75862743162948,0.0,98.116,0.00032813649190477356
98.22414470511342,0.0,98.584,0.004685443797168065
98.68966197859737,0.0,99.046,0.01710109272914828
99.15517925208133,0.0,99.51,0.027994328527902956
99.62069652556526,0.0,99.98,0.019935986901186142
100.08621379904922,0.0,100.446,0.022114608089414234
100.55173107253317,0.0,100.908,0.019279713917376484
101.01724834601713,0.0,101.374,0.009042751102431357
101.48276561950107,0.0,101.839,0.022114608089414234
101.94828289298502,0.0,102.305,0.013399993478887762
102.41380016646897,0.0,102.769,0.006864064985396268
102.87931743995291,0.0,103.235,0.01274378542388499
103.34483471343687,0.0,103.7,0.021458400034411573
103.81035198692082,0.0,104.165,0.010565099306849901
104.27586926040478,0.0,104.628,0.023637021222639776
104.74138653388871,0.0,105.091,0.00032813649190477356
105.20690380737267,0.0,105.554,0.025815642410867867
105.67242108085662,0.0,106.025,0.010565099306849901
106.13793835434056,0.0,106.488,0.00032813649190477356
106.60345562782452,0.0,106.95,0.017757300784151053
107.06897290130847,0.0,107.416,0.11361786671352225
107.53449017479242,0.0,107.881,0.013399993478887762
108.00000744827636,0.0,108.347,0.00032813649190477356
108.46552472176032,0.0,108.813,0.004685443797168065
108.93104199524427,0.0,109.279,0.010565099306849901
109.39655926872823,0.0,109.743,0.01122137229065956
109.86207654221217,0.0,110.209,0.028650536582905728
110.32759381569612,0.0,110.674,0.00032813649190477356
110.79311108918007,0.0,111.14,0.05631672861890391
111.25862836266401,0.0,111.602,0.022114608089414234
111.72414563614797,0.0,112.065,0.05261569429745028
112.18966290963192,0.0,112.533,0.006864064985396268
112.65518018311587,0.0,112.996,0.010565099306849901
113.12069745659981,0.0,113.461,0.01710109272914828
113.58621473008377,0.0,113.924,0.0018505496251303155
114.05173200356772,0.0,114.39,0.030829222699940817
114.51724927705166,0.0,114.858,0.010565099306849901
114.98276655053562,0.0,115.323,0.004685443797168065
115.44828382401957,0.0,115.79,0.004685443797168065
115.91380109750352,0.0,116.256,0.004685443797168065
116.37931837098746,0.0,116.714,0.004029170813358407
116.84483564447142,0.0,117.179,0.045423492820149125
117.31035291795537,0.0,117.647,0.01122137229065956
117.77587019143931,0.0,118.109,0.00032813649190477356
118.24138746492326,0.0,118.577,0.017757300784151053
118.70690473840722,0.0,119.039,0.017757300784151053
119.17242201189117,0.0,119.507,0.00032813649190477356
119.63793928537511,0.0,119.969,0.006864064985396268
120.10345655885907,0.0,120.435,0.01274378542388499
120.56897383234302,0.0,120.901,0.002506757680132976
121.03449110582696,0.0,121.367,0.01122137229065956
121.50000837931091,0.0,121.835,0.008386478118621699
121.96552565279487,0.0,122.294,0.006864064985396268
122.43104292627882,0.0,122.765,0.00032813649190477356
122.89656019976276,0.0,123.224,0.00032813649190477356
123.36207747324671,0.0,123.689,0.01274378542388499
123.82759474673067,0.0,124.155,0.00032813649190477356
124.29311202021461,0.0,124.625,0.03888756432665774
124.75862929369856,0.0,125.087,0.00032813649190477356
125.22414656718252,0.0,125.555,0.004029170813358407
125.68966384066647,0.0,126.017,0.023637021222639776
126.15518111415041,0.0,126.48,0.03300784388816902
126.62069838763436,0.0,126.95,0.026471915394677525
127.08621566111832,0.0,127.415,0.028650536582905728
127.55173293460226,0.0,127.874,0.03300784388816902
128.0172502080862,0.0,128.34,0.002506757680132976
128.48276748157016,0.0,128.807,0.00032813649190477356
128.94828475505412,0.0,129.272,0.01710109272914828
129.41380202853807,0.0,129.74,0.0062077920015866095
129.87931930202203,0.0,130.205,0.01710109272914828
130.34483657550595,0.0,130.67,0.00032813649190477356
130.8103538489899,0.0,131.129,0.013399993478887762
131.27587112247386,0.0,131.599,0.0018505496251303155
131.7413883959578,0.0,132.061,0.00032813649190477356
132.20690566944177,0.0,132.525,0.050437073109222075
132.67242294292572,0.0,132.995,0.01557867959592285
133.13794021640967,0.0,133.461,0.006864064985396268
133.6034574898936,0.0,133.924,0.010565099306849901
134.06897476337755,0.0,134.389,0.00032813649190477356
134.5344920368615,0.0,134.854,0.024293294206449434
135.00000931034546,0.0,135.32,0.013399993478887762
135.46552658382942,0.0,135.785,0.002506757680132976
135.93104385731337,0.0,136.25,0.00032813649190477356
136.39656113079732,0.0,136.71,0.04978080012541242
136.86207840428125,0.0,137.176,0.0018505496251303155
137.3275956777652,0.0,137.639,0.0018505496251303155
137.79311295124916,0.0,138.109,0.01557867959592285
138.2586302247331,0.0,138.569,0.004029170813358407
138.72414749821706,0.0,139.039,0.0062077920015866095
139.18966477170102,0.0,139.502,0.01274378542388499
139.65518204518497,0.0,139.965,0.09183139511601279
140.1206993186689,0.0,140.431,0.00032813649190477356
140.58621659215285,0.0,140.895,0.021458400034411573
141.0517338656368,0.0,141.36,0.002506757680132976
141.51725113912076,0.0,141.827,0.019279713917376484
141.9827684126047,0.0,142.292,0.00032813649190477356
142.44828568608867,0.0,142.758,0.019935986901186142
142.91380295957262,0.0,143.224,0.10054600972653938
143.37932023305655,0.0,143.684,0.013399993478887762
143.8448375065405,0.0,144.15,0.00032813649190477356
144.31035478002445,0.0,144.617,0.00032813649190477356
144.7758720535084,0.0,145.08,0.00032813649190477356
145.24138932699236,0.0,145.551,0.027994328527902956
145.70690660047632,0.0,146.013,0.008386478118621699
146.17242387396027,0.0,146.481,0.0062077920015866095
146.6379411474442,0.0,146.943,0.03300784388816902
147.10345842092815,0.0,147.409,0.09335380824923833
147.5689756944121,0.0,147.869,0.006864064985396268
148.03449296789606,0.0,148.335,0.01557867959592285
148.50001024138,0.0,148.802,0.1696065237693284
148.96552751486396,0.0,149.268,0.00032813649190477356
149.43104478834792,0.0,149.729,0.00032813649190477356
149.89656206183184,0.0,150.194,0.004029170813358407
150.3620793353158,0.0,150.665,0.017757300784151053
150.82759660879975,0.0,151.128,0.01122137229065956
151.2931138822837,0.0,151.596,0.022114608089414234
151.75863115576766,0.0,152.058,0.024293294206449434
152.2241484292516,0.0,152.521,0.017757300784151053
152.68966570273557,0.0,152.984,0.013399993478887762
153.1551829762195,0.0,153.449,0.01557867959592285
153.62070024970345,0.0,153.919,0.01557867959592285
154.0862175231874,0.0,154.385,0.0606740359241672
154.55173479667135,0.0,154.844,0.03888756432665774
155.0172520701553,0.0,155.31,0.014922406612113193
155.48276934363926,0.0,155.778,0.00032813649190477356
155.94828661712322,0.0,156.243,0.019279713917376484
156.41380389060714,0.0,156.71,0.00032813649190477356
156.8793211640911,0.0,157.169,0.017757300784151053
157.34483843757505,0.0,157.637,0.022114608089414234
157.810355711059,0.0,158.099,0.01710109272914828
158.27587298454296,0.0,158.569,0.03017294971613116
158.7413902580269,0.0,159.031,0.006864064985396268
159.20690753151086,0.0,159.499,0.01122137229065956
159.6724248049948,0.0,159.962,0.028650536582905728
160.13794207847874,0.0,160.427,0.024293294206449434
160.6034593519627,0.0,160.891,0.045423492820149125
161.06897662544665,0.0,161.356,0.004029170813358407
161.5344938989306,0.0,161.821,0.00032813649190477356
162.00001117241456,0.0,162.287,0.014922406612113193
162.4655284458985,0.0,162.754,0.01274378542388499
162.93104571938244,0.0,163.22,0.021458400034411573
163.3965629928664,0.0,163.684,0.002506757680132976
163.86208026635035,0.0,164.15,0.004685443797168065
164.3275975398343,0.0,164.613,0.05697300160271357
164.79311481331825,0.0,165.076,0.07004492351850344
165.2586320868022,0.0,165.539,0.01557867959592285
165.72414936028616,0.0,166.01,0.1942278895388756
166.1896666337701,0.0,166.469,0.047602178937184325
166.65518390725404,0.0,166.934,0.00032813649190477356
167.120701180738,0.0,167.399,0.0018505496251303155
167.58621845422195,0.0,167.866,0.013399993478887762
168.0517357277059,0.0,168.332,0.022114608089414234
168.51725300118986,0.0,168.799,0.004685443797168065
168.9827702746738,0.0,169.264,0.009042751102431357
169.44828754815777,0.0,169.729,0.008386478118621699
169.9138048216417,0.0,170.194,0.006864064985396268
170.37932209512564,0.0,170.655,0.021458400034411573
170.8448393686096,0.0,171.124,0.014922406612113193
171.31035664209355,0.0,171.587,0.004029170813358407
171.7758739155775,0.0,172.05,0.06721002934646558
172.24139118906146,0.0,172.518,0.014922406612113193
172.7069084625454,0.0,172.98,0.004685443797168065
173.17242573602934,0.0,173.445,0.0062077920015866095
173.6379430095133,0.0,173.916,0.00032813649190477356
174.10346028299725,0.0,174.374,0.002506757680132976
174.5689775564812,0.0,174.842,0.0018505496251303155
175.03449482996515,0.0,175.308,0.004029170813358407
175.5000121034491,0.0,175.775,0.010565099306849901
175.96552937693306,0.0,176.241,0.026471915394677525
176.431046650417,0.0,176.7,0.023637021222639776
176.89656392390094,0.0,177.166,0.03300784388816902
177.3620811973849,0.0,177.636,0.01557867959592285
177.82759847086885,0.0,178.098,0.006864064985396268
178.2931157443528,0.0,178.562,0.004685443797168065
178.75863301783676,0.0,179.024,0.017757300784151053
179.2241502913207,0.0,179.492,0.00032813649190477356
179.68966756480464,0.0,179.954,0.009042751102431357
180.1551848382886,0.0,180.42,0.010565099306849901
180.62070211177254,0.0,180.885,0.00032813649190477356
181.0862193852565,0.0,181.35,0.002506757680132976
181.55173665874045,0.0,181.817,0.027994328527902956
182.0172539322244,0.0,182.283,0.01274378542388499
182.48277120570836,0.0,182.751,0.0018505496251303155
182.94828847919229,0.0,183.209,0.004685443797168065
183.41380575267624,0.0,183.674,0.013399993478887762
183.8793230261602,0.0,184.14,0.043244871631921034
184.34484029964415,0.0,184.61,0.009042751102431357
184.8103575731281,0.0,185.072,0.01274378542388499
185.27587484661206,0.0,185.536,0.013399993478887762
185.741392120096,0.0,185.999,0.0018505496251303155
186.20690939357993,0.0,186.465,0.00032813649190477356
186.6724266670639,0.0,186.935,0.004029170813358407
187.13794394054784,0.0,187.401,0.006864064985396268
187.6034612140318,0.0,187.866,0.002506757680132976
188.06897848751575,0.0,188.324,0.022114608089414234
188.5344957609997,0.0,188.795,0.00032813649190477356
189.00001303448366,0.0,189.261,0.004029170813358407
189.46553030796758,0.0,189.726,0.00032813649190477356
189.93104758145154,0.0,190.184,0.00032813649190477356
190.3965648549355,0.0,190.654,0.024293294206449434
190.86208212841944,0.0,191.117,0.03888756432665774
191.3275994019034,0.0,191.58,0.0062077920015866095
191.79311667538735,0.0,192.05,0.024293294206449434
192.2586339488713,0.0,192.514,0.004029170813358407
192.72415122235523,0.0,192.976,0.026471915394677525
193.1896684958392,0.0,193.441,0.013399993478887762
193.65518576932314,0.0,193.904,0.0395438373104674
194.1207030428071,0.0,194.37,0.019935986901186142
194.58622031629105,0.0,194.836,0.00032813649190477356
195.051737589775,0.0,195.302,0.004685443797168065
195.51725486325896,0.0,195.769,0.006864064985396268
195.98277213674288,0.0,196.235,0.004029170813358407
196.44828941022683,0.0,196.694,0.027994328527902956
196.9138066837108,0.0,197.159,0.004029170813358407
197.37932395719474,0.0,197.629,0.0018505496251303155
197.8448412306787,0.0,198.091,0.01122137229065956
198.31035850416265,0.0,198.559,0.00032813649190477356
198.7758757776466,0.0,199.021,0.009042751102431357
199.24139305113053,0.0,199.484,0.01122137229065956
199.70691032461448,0.0,199.954,0.03518653000520411
200.17242759809844,0.0,200.42,0.006864064985396268
200.6379448715824,0.0,200.884,0.027994328527902956
201.10346214506635,0.0,201.349,0.030829222699940817
201.5689794185503,0.0,201.814,0.01557867959592285
202.03449669203425,0.0,202.28,0.00032813649190477356
202.50001396551818,0.0,202.739,0.006864064985396268
202.96553123900213,0.0,203.205,0.006864064985396268
203.4310485124861,0.0,203.677,0.004029170813358407
203.89656578597004,0.0,204.135,0.004029170813358407
204.362083059454,0.0,204.603,0.027994328527902956
204.82760033293795,0.0,205.065,0.00032813649190477356
205.2931176064219,0.0,205.529,0.00032813649190477356
205.75863487990583,0.0,205.999,0.00032813649190477356
206.22415215338978,0.0,206.465,0.021458400034411573
206.68966942687373,0.0,206.928,0.002506757680132976
207.1551867003577,0.0,207.394,0.0062077920015866095
207.62070397384164,0.0,207.859,0.00032813649190477356
208.0862212473256,0.0,208.325,0.00032813649190477356
208.55173852080955,0.0,208.784,0.03235163583316625
209.01725579429348,0.0,209.25,0.11296165865851959
209.48277306777743,0.0,209.715,0.014922406612113193
209.94829034126138,0.0,210.18,0.013399993478887762
210.41380761474534,0.0,210.651,0.03300784388816902
210.8793248882293,0.0,211.113,0.006864064985396268
211.34484216171325,0.0,211.576,0.11296165865851959
211.8103594351972,0.0,212.039,0.004029170813358407
212.27587670868112,0.0,212.51,0.022114608089414234
212.74139398216508,0.0,212.973,0.00032813649190477356
213.20691125564903,0.0,213.438,0.019935986901186142
213.672428529133,0.0,213.902,0.00032813649190477356
214.13794580261694,0.0,214.368,0.00032813649190477356
214.6034630761009,0.0,214.833,0.0018505496251303155
215.06898034958485,0.0,215.299,0.027994328527902956
215.5344976230688,0.0,215.765,0.10490331703180267
216.00001489655273,0.0,216.231,0.01557867959592285
216.46553217003668,0.0,216.695,0.14999867336004702
216.93104944352064,0.0,217.154,0.08463919363871175
217.3965667170046,0.0,217.621,0.019935986901186142
217.86208399048854,0.0,218.09,0.01557867959592285
218.3276012639725,0.0,218.551,0.024293294206449434
218.79311853745645,0.0,219.021,0.019935986901186142
219.25863581094038,0.0,219.481,0.01710109272914828
219.72415308442433,0.0,219.95,0.008386478118621699
220.18967035790828,0.0,220.409,0.022114608089414234
220.65518763139224,0.0,220.874,0.01122137229065956
221.1207049048762,0.0,221.339,0.006864064985396268
221.58622217836015,0.0,221.806,0.00032813649190477356
222.0517394518441,0.0,222.272,0.00032813649190477356
222.51725672532802,0.0,222.736,0.00032813649190477356
222.98277399881198,0.0,223.202,0.021458400034411573
223.44829127229593,0.0,223.674,0.00032813649190477356
223.9138085457799,0.0,224.132,0.08529546662252141
224.37932581926384,0.0,224.595,0.01557867959592285
224.8448430927478,0.0,225.065,0.01710109272914828
225.31036036623175,0.0,225.528,0.013399993478887762
225.77587763971567,0.0,225.991,0.03300784388816902
226.24139491319963,0.0,226.457,0.027994328527902956
226.70691218668358,0.0,226.919,0.030829222699940817
227.17242946016754,0.0,227.385,0.009042751102431357
227.6379467336515,0.0,227.851,0.00032813649190477356
228.10346400713544,0.0,228.316,0.004029170813358407
228.5689812806194,0.0,228.78,0.047602178937184325
229.03449855410332,0.0,229.246,0.017757300784151053
229.50001582758728,0.0,229.711,0.03017294971613116
229.96553310107123,0.0,230.177,0.008386478118621699
230.43105037455518,0.0,230.639,0.0018505496251303155
230.89656764803914,0.0,231.109,0.00032813649190477356
231.3620849215231,0.0,231.569,0.006864064985396268
231.82760219500705,0.0,232.039,0.00032813649190477356
232.29311946849097,0.0,232.503,0.00032813649190477356
232.75863674197493,0.0,232.965,0.00032813649190477356
233.22415401545888,0.0,233.431,0.013399993478887762
233.68967128894283,0.0,233.894,0.00032813649190477356
234.1551885624268,0.0,234.36,0.019935986901186142
234.62070583591074,0.0,234.827,0.00032813649190477356
235.0862231093947,0.0,235.293,0.26394467656547416
235.55174038287862,0.0,235.758,0.013399993478887762
236.01725765636257,0.0,236.223,0.00032813649190477356
236.48277492984653,0.0,236.688,0.1717851449575566
236.94829220333048,0.0,237.155,0.01122137229065956
237.41380947681444,0.0,237.617,0.00032813649190477356
237.8793267502984,0.0,238.08,0.00032813649190477356
238.34484402378234,0.0,238.551,0.021458400034411573
238.81036129726627,0.0,239.013,0.01557867959592285
239.27587857075022,0.0,239.477,0.00032813649190477356
239.74139584423418,0.0,239.939,0.07810326514522026
240.20691311771813,0.0,240.405,0.00032813649190477356
240.67243039120208,0.0,240.87,0.009042751102431357
241.13794766468604,0.0,241.336,0.00032813649190477356
241.60346493817,0.0,241.802,0.00032813649190477356
242.06898221165392,0.0,242.268,0.010565099306849901
242.53449948513787,0.0,242.733,0.024293294206449434
243.00001675862183,0.0,243.198,0.01274378542388499
243.46553403210578,0.0,243.662,0.01274378542388499
243.93105130558973,0.0,244.125,0.03670894313842954
244.3965685790737,0.0,244.595,0.006864064985396268
244.86208585255764,0.0,245.058,0.019279713917376484
245.32760312604157,0.0,245.521,0.008386478118621699
245.79312039952552,0.0,245.984,0.03518653000520411
246.25863767300947,0.0,246.45,0.002506757680132976
246.72415494649343,0.0,246.919,0.004029170813358407
247.18967221997738,0.0,247.385,0.017757300784151053
247.65518949346134,0.0,247.844,0.017757300784151053
248.1207067669453,0.0,248.31,0.0062077920015866095
248.58622404042922,0.0,248.776,0.00032813649190477356
249.05174131391317,0.0,249.242,0.014922406612113193
249.51725858739712,0.0,249.71,0.025815642410867867
249.98277586088108,0.0,250.176,0.022114608089414234
250.44829313436503,0.0,250.636,0.017757300784151053
250.91381040784898,0.0,251.106,0.00032813649190477356
251.37932768133294,0.0,251.569,0.017757300784151053
251.84484495481686,0.0,252.032,0.024293294206449434
252.31036222830082,0.0,252.499,0.01557867959592285
252.77587950178477,0.0,252.961,0.00032813649190477356
253.24139677526873,0.0,253.427,0.004029170813358407
253.70691404875268,0.0,253.891,0.00032813649190477356
254.17243132223663,0.0,254.356,0.008386478118621699
254.6379485957206,0.0,254.821,0.00032813649190477356
255.1034658692045,0.0,255.286,0.01710109272914828
255.56898314268847,0.0,255.751,0.004029170813358407
256.0345004161724,0.0,256.216,0.00032813649190477356
256.5000176896564,0.0,256.681,0.019935986901186142
256.9655349631403,0.0,257.147,0.00032813649190477356
257.4310522366243,0.0,257.61,0.05697300160271357
257.89656951010824,0.0,258.08,0.004029170813358407
258.3620867835922,0.0,258.54,0.01274378542388499
258.82760405707614,0.0,259.011,0.002506757680132976
259.2931213305601,0.0,259.469,0.01557867959592285
259.75863860404405,0.0,259.94,0.0395438373104674
260.22415587752795,0.0,260.406,0.00032813649190477356
260.6896731510119,0.0,260.865,0.01710109272914828
261.15519042449586,0.0,261.331,0.024293294206449434
261.6207076979798,0.0,261.796,0.01122137229065956
262.08622497146376,0.0,262.261,0.027994328527902956
262.5517422449477,0.0,262.729,0.04978080012541242
263.0172595184317,0.0,263.194,0.004029170813358407
263.4827767919156,0.0,263.655,0.027994328527902956
263.9482940653996,0.0,264.125,0.002506757680132976
264.41381133888353,0.0,264.588,0.004029170813358407
264.8793286123675,0.0,265.05,0.01557867959592285
265.34484588585144,0.0,265.518,0.004029170813358407
265.8103631593354,0.0,265.98,0.002506757680132976
266.27588043281935,0.0,266.445,0.27418170430922617
266.74139770630325,0.0,266.916,0.00032813649190477356
267.2069149797872,0.0,267.374,0.0062077920015866095
267.67243225327115,0.0,267.839,0.030829222699940817
268.1379495267551,0.0,268.305,0.022114608089414234
268.60346680023906,0.0,268.773,0.009042751102431357
269.068984073723,0.0,269.238,0.021458400034411573
269.53450134720697,0.0,269.703,0.004029170813358407
270.0000186206909,0.0,270.169,0.027994328527902956
270.4655358941749,0.0,270.632,0.022114608089414234
270.93105316765883,0.0,271.094,0.00032813649190477356
271.3965704411428,0.0,271.562,0.028650536582905728
271.86208771462674,0.0,272.024,0.05631672861890391
272.3276049881107,0.0,272.495,0.10054600972653938
272.79312226159465,0.0,272.957,0.004685443797168065
273.25863953507854,0.0,273.423,0.026471915394677525
273.7241568085625,0.0,273.887,0.004685443797168065
274.18967408204645,0.0,274.353,0.05697300160271357
274.6551913555304,0.0,274.817,0.006864064985396268
275.12070862901436,0.0,275.283,0.006864064985396268
275.5862259024983,0.0,275.748,0.006864064985396268
276.05174317598227,0.0,276.214,0.026471915394677525
276.5172604494662,0.0,276.681,0.019935986901186142
276.9827777229502,0.0,277.139,0.002506757680132976
277.44829499643413,0.0,277.607,0.00032813649190477356
277.9138122699181,0.0,278.069,0.002506757680132976
278.37932954340204,0.0,278.536,0.006864064985396268
278.844846816886,0.0,278.999,0.006864064985396268
279.31036409036994,0.0,279.465,0.008386478118621699
279.77588136385384,0.0,279.935,0.0062077920015866095
280.2413986373378,0.0,280.401,0.00032813649190477356
280.70691591082175,0.0,280.859,0.03017294971613116
281.1724331843057,0.0,281.324,0.00032813649190477356
281.63795045778966,0.0,281.791,0.01710109272914828
282.1034677312736,0.0,282.257,0.023637021222639776
282.56898500475756,0.0,282.721,0.006864064985396268
283.0345022782415,0.0,283.187,0.004029170813358407
283.5000195517255,0.0,283.65,0.0018505496251303155
283.9655368252094,0.0,284.12,0.004685443797168065
284.4310540986934,0.0,284.584,0.019935986901186142
284.89657137217733,0.0,285.046,0.002506757680132976
285.3620886456613,0.0,285.514,0.013399993478887762
285.82760591914524,0.0,285.976,0.0018505496251303155
286.29312319262914,0.0,286.442,0.002506757680132976
286.7586404661131,0.0,286.905,0.05631672861890391
287.22415773959705,0.0,287.371,0.05631672861890391
287.689675013081,0.0,287.836,0.0018505496251303155
288.15519228656495,0.0,288.302,0.021458400034411573
288.6207095600489,0.0,288.77,0.20010760997736432
289.08622683353286,0.0,289.236,0.025815642410867867
289.5517441070168,0.0,289.695,0.004685443797168065
290.01726138050077,0.0,290.161,0.025815642410867867
290.4827786539847,0.0,290.629,0.004029170813358407
290.9482959274687,0.0,291.091,0.00032813649190477356
291.41381320095263,0.0,291.555,0.027994328527902956
291.8793304744366,0.0,292.024,0.01274378542388499
292.34484774792054,0.0,292.488,0.004685443797168065
292.8103650214045,0.0,292.95,0.00032813649190477356
293.2758822948884,0.0,293.416,0.024293294206449434
293.74139956837234,0.0,293.881,0.019279713917376484
294.2069168418563,0.0,294.347,0.027994328527902956
294.67243411534025,0.0,294.813,0.03017294971613116
295.1379513888242,0.0,295.279,0.0018505496251303155
295.60346866230816,0.0,295.743,0.00032813649190477356
296.0689859357921,0.0,296.209,0.01122137229065956
296.53450320927607,0.0,296.674,0.00032813649190477356
297.00002048276,0.0,297.139,0.08681781482693995
297.465537756244,0.0,297.602,0.05631672861890391
297.93105502972793,0.0,298.065,0.006864064985396268
298.3965723032119,0.0,298.536,0.019935986901186142
298.86208957669584,0.0,298.998,0.002506757680132976
299.3276068501798,0.0,299.464,0.019935986901186142
299.7931241236637,0.0,299.928,0.004029170813358407
300.25864139714764,0.0,300.394,0.013399993478887762
300.7241586706316,0.0,300.859,0.017757300784151053
301.18967594411555,0.0,301.324,0.030829222699940817
301.6551932175995,0.0,301.784,0.01122137229065956
302.12071049108346,0.0,302.249,0.01274378542388499
302.5862277645674,0.0,302.714,0.0018505496251303155
303.05174503805137,0.0,303.179,0.010565099306849901
303.5172623115353,0.0,303.647,0.006864064985396268
303.9827795850193,0.0,304.109,0.013399993478887762
304.4482968585032,0.0,304.58,0.03888756432665774
304.9138141319872,0.0,305.043,0.004685443797168065
305.37933140547113,0.0,305.506,0.03670894313842954
305.8448486789551,0.0,305.969,0.03235163583316625
306.310365952439,0.0,306.435,0.05697300160271357
306.77588322592294,0.0,306.901,0.0018505496251303155
307.2414004994069,0.0,307.367,0.01557867959592285
307.70691777289085,0.0,307.835,0.0018505496251303155
308.1724350463748,0.0,308.294,0.05697300160271357
308.63795231985875,0.0,308.765,0.004029170813358407
309.1034695933427,0.0,309.224,0.004685443797168065
309.56898686682666,0.0,309.695,0.009042751102431357
310.0345041403106,0.0,310.154,0.009042751102431357
310.50002141379457,0.0,310.621,0.002506757680132976
310.9655386872785,0.0,311.084,0.009042751102431357
311.4310559607625,0.0,311.554,0.0018505496251303155
311.89657323424643,0.0,312.017,0.00032813649190477356
312.3620905077304,0.0,312.48,0.021458400034411573
312.8276077812143,0.0,312.95,0.004685443797168065
313.29312505469824,0.0,313.416,0.006864064985396268
313.7586423281822,0.0,313.874,0.1107829725414845
314.22415960166614,0.0,314.339,0.006864064985396268
314.6896768751501,0.0,314.807,0.00032813649190477356
315.15519414863405,0.0,315.273,0.03888756432665774
315.620711422118,0.0,315.739,0.024293294206449434
316.08622869560196,0.0,316.205,0.024293294206449434
316.5517459690859,0.0,316.666,0.0018505496251303155
317.01726324256987,0.0,317.135,0.0018505496251303155
317.4827805160538,0.0,317.598,0.006864064985396268
317.9482977895378,0.0,318.061,0.009042751102431357
318.41381506302173,0.0,318.525,0.019935986901186142
318.8793323365057,0.0,318.995,0.024293294206449434
319.3448496099896,0.0,319.46,0.009042751102431357
319.81036688347353,0.0,319.923,0.00032813649190477356
320.2758841569575,0.0,320.389,0.03017294971613116
320.74140143044144,0.0,320.85,0.021458400034411573
321.2069187039254,0.0,321.316,0.010565099306849901
321.67243597740935,0.0,321.78,0.00032813649190477356
322.1379532508933,0.0,322.246,0.010565099306849901
322.60347052437726,0.0,322.714,0.00032813649190477356
323.0689877978612,0.0,323.179,0.03888756432665774
323.53450507134517,0.0,323.64,0.05631672861890391
324.0000223448291,0.0,324.11,0.00032813649190477356
324.4655396183131,0.0,324.57,0.024293294206449434
324.931056891797,0.0,325.039,0.13322571712280362
325.396574165281,0.0,325.502,0.006864064985396268
325.8620914387649,0.0,325.965,0.01557867959592285
326.32760871224883,0.0,326.43,0.00032813649190477356
326.7931259857328,0.0,326.894,0.03300784388816902
327.25864325921674,0.0,327.36,0.00032813649190477356
327.7241605327007,0.0,327.825,0.01274378542388499
328.18967780618465,0.0,328.291,0.004029170813358407
328.6551950796686,0.0,328.755,0.01122137229065956
329.12071235315256,0.0,329.221,0.004685443797168065
329.5862296266365,0.0,329.688,0.03300784388816902
330.05174690012046,0.0,330.153,0.004029170813358407
330.5172641736044,0.0,330.614,0.00032813649190477356
330.98278144708837,0.0,331.083,0.013399993478887762
331.4482987205723,0.0,331.544,0.017757300784151053
331.9138159940563,0.0,332.013,0.00032813649190477356
332.3793332675402,0.0,332.477,0.004029170813358407
332.84485054102413,0.0,332.939,0.010565099306849901
333.3103678145081,0.0,333.404,0.00032813649190477356
333.77588508799204,0.0,333.869,0.01274378542388499
334.241402361476,0.0,334.335,0.1964065756559107
334.70691963495995,0.0,334.802,0.024293294206449434
335.1724369084439,0.0,335.268,0.03670894313842954
335.63795418192785,0.0,335.732,0.03235163583316625
336.1034714554118,0.0,336.199,0.013399993478887762
336.56898872889576,0.0,336.662,0.01274378542388499
337.0345060023797,0.0,337.125,0.00032813649190477356
337.50002327586367,0.0,337.595,0.0018505496251303155
337.9655405493476,0.0,338.058,0.004029170813358407
338.4310578228316,0.0,338.526,0.01557867959592285
338.89657509631553,0.0,338.989,0.004685443797168065
339.3620923697994,0.0,339.454,0.01557867959592285
339.8276096432834,0.0,339.917,0.006864064985396268
340.29312691676733,0.0,340.382,0.0018505496251303155
340.7586441902513,0.0,340.849,0.00032813649190477356
341.22416146373524,0.0,341.314,0.013399993478887762
341.6896787372192,0.0,341.78,0.00032813649190477356
342.15519601070315,0.0,342.239,0.01710109272914828
342.6207132841871,0.0,342.711,0.026471915394677525
343.08623055767106,0.0,343.169,0.01557867959592285
343.551747831155,0.0,343.639,0.048258386992186986
344.01726510463897,0.0,344.102,0.004029170813358407
344.4827823781229,0.0,344.569,0.00032813649190477356
344.9482996516069,0.0,345.032,0.01274378542388499
345.4138169250908,0.0,345.495,0.009042751102431357
345.8793341985747,0.0,345.965,0.03017294971613116
346.3448514720587,0.0,346.431,0.03518653000520411
346.81036874554263,0.0,346.894,0.0062077920015866095
347.2758860190266,0.0,347.36,0.008386478118621699
347.74140329251054,0.0,347.824,0.01122137229065956
348.2069205659945,0.0,348.29,0.027994328527902956
348.67243783947845,0.0,348.755,0.05697300160271357
349.1379551129624,0.0,349.22,0.0018505496251303155
349.60347238644636,0.0,349.68,0.00032813649190477356
350.0689896599303,0.0,350.146,0.03888756432665774
350.53450693341426,0.0,350.614,0.002506757680132976
351.0000242068982,0.0,351.076,0.013399993478887762
351.46554148038217,0.0,351.54,0.019935986901186142
351.9310587538661,0.0,352.009,0.013399993478887762
352.39657602735,0.0,352.477,0.00032813649190477356
352.862093300834,0.0,352.94,0.01274378542388499
353.32761057431793,0.0,353.399,0.008386478118621699
353.7931278478019,0.0,353.865,0.022114608089414234
354.25864512128584,0.0,354.331,0.004029170813358407
354.7241623947698,0.0,354.795,0.002506757680132976
355.18967966825375,0.0,355.261,0.017757300784151053
355.6551969417377,0.0,355.728,0.01274378542388499
356.12071421522165,0.0,356.194,0.024293294206449434
356.5862314887056,0.0,356.655,0.00032813649190477356
357.05174876218956,0.0,357.125,0.00032813649190477356
357.5172660356735,0.0,357.588,0.008386478118621699
357.98278330915747,0.0,358.05,0.045423492820149125
358.4483005826414,0.0,358.518,0.03235163583316625
358.9138178561253,0.0,358.981,0.019935986901186142
359.3793351296093,0.0,359.447,0.024293294206449434
359.8448524030932,0.0,359.91,0.06350893009620495
360.3103696765772,0.0,360.376,0.006864064985396268
360.77588695006114,0.0,360.841,0.00032813649190477356
361.2414042235451,0.0,361.306,0.0062077920015866095
361.70692149702904,0.0,361.773,0.0018505496251303155
362.172438770513,0.0,362.238,0.045423492820149125
362.63795604399695,0.0,362.699,0.014922406612113193
363.1034733174809,0.0,363.165,0.008386478118621699
363.56899059096486,0.0,363.632,0.004029170813358407
364.0345078644488,0.0,364.095,0.019279713917376484
364.50002513793277,0.0,364.565,0.009042751102431357
364.9655424114167,0.0,365.028,0.0018505496251303155
365.4310596849006,0.0,365.496,0.00032813649190477356
365.89657695838457,0.0,365.958,0.0062077920015866095
366.3620942318685,0.0,366.423,0.026471915394677525
366.8276115053525,0.0,366.888,0.03017294971613116
367.29312877883643,0.0,367.353,0.004029170813358407
367.7586460523204,0.0,367.817,0.023637021222639776
368.22416332580434,0.0,368.283,0.0018505496251303155
368.6896805992883,0.0,368.748,0.017757300784151053
369.15519787277225,0.0,369.214,0.16808411063610285
369.6207151462562,0.0,369.681,0.00032813649190477356
370.08623241974016,0.0,370.139,0.004029170813358407
370.5517496932241,0.0,370.607,0.002506757680132976
371.01726696670806,0.0,371.069,0.004685443797168065
371.482784240192,0.0,371.536,0.004029170813358407
371.9483015136759,0.0,371.999,0.019279713917376484
372.41381878715987,0.0,372.465,0.023637021222639776
372.8793360606438,0.0,372.935,0.0062077920015866095
373.3448533341278,0.0,373.401,0.01557867959592285
373.81037060761173,0.0,373.866,0.002506757680132976
374.2758878810957,0.0,374.324,0.017757300784151053
374.74140515457964,0.0,374.796,0.006864064985396268
375.2069224280636,0.0,375.254,0.027994328527902956
375.67243970154755,0.0,375.721,0.028650536582905728
376.1379569750315,0.0,376.187,0.026471915394677525
376.60347424851545,0.0,376.654,0.01557867959592285
377.0689915219994,0.0,377.117,0.024293294206449434
377.53450879548336,0.0,377.585,0.01274378542388499
378.0000260689673,0.0,378.047,0.00032813649190477356
378.4655433424512,0.0,378.51,0.00032813649190477356
378.93106061593517,0.0,378.98,0.006864064985396268
379.3965778894191,0.0,379.439,0.006864064985396268
379.8620951629031,0.0,379.91,0.23060869618540025
380.327612436387,0.0,380.376,0.04607976580395878
380.793129709871,0.0,380.84,0.004029170813358407
381.25864698335494,0.0,381.299,0.0018505496251303155
381.7241642568389,0.0,381.765,0.03017294971613116
382.18968153032284,0.0,382.231,0.004029170813358407
382.6551988038068,0.0,382.695,0.006864064985396268
383.12071607729075,0.0,383.161,0.019935986901186142
383.5862333507747,0.0,383.629,0.017757300784151053
384.05175062425866,0.0,384.091,0.2959681759067355
384.5172678977426,0.0,384.554,0.0018505496251303155
384.98278517122657,0.0,385.024,0.004029170813358407
385.44830244471046,0.0,385.488,0.00032813649190477356
385.9138197181944,0.0,385.95,0.05631672861890391
386.3793369916784,0.0,386.416,0.00032813649190477356
386.8448542651623,0.0,386.881,0.019279713917376484
387.3103715386463,0.0,387.347,0.2334435903574381
387.77588881213023,0.0,387.813,0.0018505496251303155
388.2414060856142,0.0,388.279,0.004029170813358407
388.70692335909814,0.0,388.743,0.00032813649190477356
389.1724406325821,0.0,389.209,0.0018505496251303155
389.63795790606605,0.0,389.677,0.01274378542388499
390.10347517955,0.0,390.135,0.03017294971613116
390.56899245303396,0.0,390.603,0.027994328527902956
,,391.065,0.026471915394677525
,,391.533,0.009042751102431357
,,391.994,0.050437073109222075
,,392.46,0.014922406612113193
,,392.924,0.09553242943746643
,,393.39,0.019935986901186142
,,393.854,0.024293294206449434
,,394.32,0.03670894313842954
,,394.785,0.01710109272914828
,,395.25,0.08246057245048355
,,395.717,0.008386478118621699
,,396.183,0.014922406612113193
,,396.651,0.01122137229065956
,,397.113,0.009042751102431357
,,397.576,0.09335380824923833
,,398.039,0.0417224584986956
,,398.507,0.017757300784151053
,,398.969,0.021458400034411573
,,399.435,0.004685443797168065
,,399.901,0.3881276750502498
,,400.367,0.00032813649190477356
,,400.832,0.025815642410867867
,,401.299,0.07374595783995697
,,401.765,0.024293294206449434
,,402.231,0.013399993478887762
,,402.695,0.01557867959592285
,,403.154,0.006864064985396268
,,403.622,0.004029170813358407
,,404.084,0.004029170813358407
,,404.554,0.03670894313842954
,,405.017,0.019279713917376484
,,405.485,0.021458400034411573
,,405.947,0.004029170813358407
,,406.413,0.01274378542388499
,,406.88,0.021458400034411573
,,407.346,0.0018505496251303155
,,407.81,0.01274378542388499
,,408.276,0.026471915394677525
,,408.74,0.12821220176253756
,,409.206,0.03518653000520411
,,409.673,0.006864064985396268
,,410.131,0.00032813649190477356
,,410.599,0.004029170813358407
,,411.062,0.002506757680132976
,,411.525,0.06721002934646558
,,411.995,0.00032813649190477356
,,412.454,0.004029170813358407
,,412.924,0.027994328527902956
,,413.39,0.22472897574691164
,,413.854,0.010565099306849901
,,414.32,0.002506757680132976
,,414.784,0.00032813649190477356
,,415.25,0.002506757680132976
,,415.715,0.027994328527902956
,,416.18,0.002506757680132976
,,416.643,0.01122137229065956
,,417.105,0.006864064985396268
,,417.573,0.256752475088173
,,418.036,0.017757300784151053
,,418.503,0.013399993478887762
,,418.965,0.0018505496251303155
,,419.431,0.00032813649190477356
,,419.894,0.0018505496251303155
,,420.36,0.006864064985396268
,,420.825,0.0018505496251303155
,,421.291,0.021458400034411573
,,421.758,0.006864064985396268
,,422.224,0.004685443797168065
,,422.689,0.014922406612113193
,,423.155,0.01274378542388499
,,423.617,0.004029170813358407
,,424.08,0.004685443797168065
,,424.551,0.009042751102431357
,,425.014,0.03888756432665774
,,425.477,0.019935986901186142
,,425.939,0.024293294206449434
,,426.405,0.01557867959592285
,,426.869,0.019935986901186142
,,427.335,0.03736515119343231
,,427.802,0.0018505496251303155
,,428.268,0.004029170813358407
,,428.733,0.024293294206449434
,,429.198,0.013399993478887762
,,429.662,0.004685443797168065
,,430.124,0.2988030700787735
,,430.592,0.00032813649190477356
,,431.054,0.11143924552529416
,,431.522,0.004029170813358407
,,431.984,0.006864064985396268
,,432.45,0.01274378542388499
,,432.92,0.00032813649190477356
,,433.385,0.006864064985396268
,,433.85,0.009042751102431357
,,434.309,0.019935986901186142
,,434.78,0.006864064985396268
,,435.239,0.01710109272914828
,,435.706,0.006864064985396268
,,436.173,0.019279713917376484
,,436.635,0.00032813649190477356
,,437.106,0.009042751102431357
,,437.569,0.002506757680132976
,,438.031,0.01710109272914828
,,438.499,0.00032813649190477356
,,438.962,0.013399993478887762
,,439.427,0.00032813649190477356
,,439.891,0.017757300784151053
,,440.356,0.0062077920015866095
,,440.822,0.03017294971613116
,,441.287,0.00032813649190477356
,,441.754,0.010565099306849901
,,442.22,0.01122137229065956
,,442.684,0.022114608089414234
,,443.149,0.026471915394677525
,,443.61,0.030829222699940817
,,444.08,0.013399993478887762
,,444.543,0.00032813649190477356
,,445.006,0.006864064985396268
,,445.477,0.043244871631921034
,,445.939,0.025815642410867867
,,446.406,0.019279713917376484
,,446.865,0.008386478118621699
,,447.331,0.013399993478887762
,,447.795,0.00032813649190477356
,,448.261,0.027994328527902956
,,448.728,0.019935986901186142
,,449.194,0.013399993478887762
,,449.655,0.0062077920015866095
,,450.125,0.024293294206449434
,,450.588,0.019935986901186142
,,451.05,0.022114608089414234
,,451.518,0.043901079686923694
,,451.981,0.00032813649190477356
,,452.447,0.019935986901186142
,,452.909,0.00032813649190477356
,,453.375,0.03017294971613116
,,453.84,0.00032813649190477356
,,454.306,0.07374595783995697
,,454.773,0.01274378542388499
,,455.238,0.004029170813358407
,,455.703,0.009042751102431357
,,456.169,0.027994328527902956
,,456.632,0.004029170813358407
,,457.094,0.01557867959592285
,,457.562,0.01557867959592285
,,458.024,0.006864064985396268
,,458.492,0.43104437772586246
,,458.954,0.047602178937184325
,,459.42,0.01557867959592285
,,459.884,0.01122137229065956
,,460.349,0.00032813649190477356
,,460.815,0.019935986901186142
,,461.28,0.027994328527902956
,,461.747,0.00032813649190477356
,,462.212,0.027994328527902956
,,462.677,0.006864064985396268
,,463.142,0.0018505496251303155
,,463.61,0.00032813649190477356
,,464.073,0.028650536582905728
,,464.536,0.008386478118621699
,,464.999,0.043901079686923694
,,465.464,0.004685443797168065
,,465.935,0.017757300784151053
,,466.394,0.3641625498001087
,,466.859,0.024293294206449434
,,467.324,0.006864064985396268
,,467.791,0.0062077920015866095
,,468.257,0.009042751102431357
,,468.721,0.013399993478887762
,,469.187,0.006864064985396268
,,469.651,0.00032813649190477356
,,470.12,0.03888756432665774
,,470.584,0.01557867959592285
,,471.047,0.024293294206449434
,,471.51,0.002506757680132976
,,471.98,0.004029170813358407
,,472.445,0.010565099306849901
,,472.908,0.00032813649190477356
,,473.374,0.002506757680132976
,,473.84,0.01557867959592285
,,474.306,0.025815642410867867
,,474.765,0.00032813649190477356
,,475.231,0.00032813649190477356
,,475.695,0.002506757680132976
,,476.161,0.0018505496251303155
,,476.629,0.01122137229065956
,,477.092,0.017757300784151053
,,477.554,0.00032813649190477356
,,478.024,0.01274378542388499
,,478.488,0.010565099306849901
,,478.95,0.00032813649190477356
,,479.416,0.3728771319462318
,,479.884,0.00032813649190477356
,,480.349,0.0018505496251303155
,,480.814,0.002506757680132976
,,481.28,0.004029170813358407
,,481.739,0.01274378542388499
,,482.205,0.00032813649190477356
,,482.67,0.03300784388816902
,,483.136,0.013399993478887762
,,483.599,0.019935986901186142
,,484.069,0.017757300784151053
,,484.532,0.0417224584986956
,,484.995,0.030829222699940817
,,485.46,0.00032813649190477356
,,485.931,0.043244871631921034
,,486.389,0.045423492820149125
,,486.854,0.00032813649190477356
,,487.32,0.006864064985396268
,,487.785,0.002506757680132976
,,488.251,0.01710109272914828
,,488.717,0.00032813649190477356
,,489.183,0.027994328527902956
,,489.644,0.03736515119343231
,,490.113,0.002506757680132976
,,490.576,0.006864064985396268
,,491.039,0.004685443797168065
,,491.51,0.006864064985396268
,,491.973,0.00032813649190477356
,,492.438,0.01274378542388499
,,492.902,0.030829222699940817
,,493.368,0.004029170813358407
,,493.833,0.019279713917376484
,,494.299,0.021458400034411573
,,494.765,0.014922406612113193
,,495.224,0.00032813649190477356
,,495.692,0.01274378542388499
,,496.158,0.01122137229065956
,,496.625,0.019279713917376484
,,497.087,0.00032813649190477356
,,497.551,0.03017294971613116
,,498.021,0.010565099306849901
,,498.481,0.019935986901186142
,,498.95,0.0062077920015866095
,,499.409,0.004029170813358407
,,499.874,0.00032813649190477356
,,500.34,0.013399993478887762
,,500.807,0.010565099306849901
,,501.273,0.027994328527902956
,,501.74,0.017757300784151053
,,502.205,0.00032813649190477356
,,502.67,0.00032813649190477356
,,503.129,0.0018505496251303155
,,503.599,0.4179725207388797
,,504.061,0.002506757680132976
,,504.529,0.004029170813358407
,,504.991,0.047602178937184325
,,505.457,0.0018505496251303155
,,505.92,0.010565099306849901
,,506.385,0.027994328527902956
,,506.851,0.0062077920015866095
,,507.317,0.004685443797168065
,,507.784,0.017757300784151053
,,508.25,0.019935986901186142
,,508.714,0.023637021222639776
,,509.18,0.013399993478887762
,,509.643,0.01122137229065956
,,510.105,0.026471915394677525
,,510.573,0.010565099306849901
,,511.035,0.010565099306849901
,,511.503,0.00032813649190477356
,,511.966,0.004029170813358407
,,512.432,0.0018505496251303155
,,512.895,0.00032813649190477356
,,513.361,0.01122137229065956
,,513.829,0.00032813649190477356
,,514.295,0.006864064985396268
,,514.754,0.00032813649190477356
,,515.22,0.03736515119343231
,,515.685,0.009042751102431357
,,516.15,0.004685443797168065
,,516.621,0.01122137229065956
,,517.083,0.022114608089414234
,,517.544,0.019935986901186142
,,518.013,0.010565099306849901
,,518.481,0.1674278376522932
,,518.943,0.00032813649190477356
,,519.409,0.08028188633344846
,,519.874,0.025815642410867867
,,520.34,0.004685443797168065
,,520.799,0.0062077920015866095
,,521.265,0.027994328527902956
,,521.73,0.00032813649190477356
,,522.195,0.014922406612113193
,,522.666,0.022114608089414234
,,523.128,0.043901079686923694
,,523.596,0.01557867959592285
,,524.058,0.009042751102431357
,,524.521,0.0018505496251303155
,,524.984,0.004029170813358407
,,525.449,0.027994328527902956
,,525.919,0.026471915394677525
,,526.384,0.024293294206449434
,,526.844,0.006864064985396268
,,527.31,0.006864064985396268
,,527.777,0.023637021222639776
,,528.242,0.004029170813358407
,,528.707,0.00032813649190477356
,,529.173,0.0062077920015866095
,,529.636,0.008386478118621699
,,530.106,0.00032813649190477356
,,530.569,0.010565099306849901
,,531.031,0.025815642410867867
,,531.499,0.013399993478887762
,,531.962,0.01122137229065956
,,532.428,0.002506757680132976
,,532.891,0.0018505496251303155
,,533.356,0.03300784388816902
,,533.821,0.004685443797168065
,,534.287,0.008386478118621699
,,534.751,0.021458400034411573
,,535.217,0.01557867959592285
,,535.684,0.03670894313842954
,,536.15,0.004029170813358407
,,536.61,0.008386478118621699
,,537.08,0.009042751102431357
,,537.543,0.025815642410867867
,,538.005,0.01274378542388499
,,538.473,0.013399993478887762
,,538.935,0.01557867959592285
,,539.401,0.010565099306849901
,,539.865,0.025815642410867867
,,540.331,0.006864064985396268
,,540.795,0.045423492820149125
,,541.261,0.043244871631921034
,,541.726,0.01274378542388499
,,542.191,0.01557867959592285
,,542.654,0.0395438373104674
,,543.124,0.014922406612113193
,,543.588,0.030829222699940817
,,544.051,0.01122137229065956
,,544.518,0.03670894313842954
,,544.98,0.03235163583316625
,,545.446,0.05915162279094177
,,545.916,0.013399993478887762
,,546.374,0.019279713917376484
,,546.839,0.002506757680132976
,,547.305,0.00032813649190477356
,,547.773,0.01557867959592285
,,548.238,0.019279713917376484
,,548.703,0.00032813649190477356
,,549.169,0.00032813649190477356
,,549.632,0.008386478118621699
,,550.094,0.004685443797168065
,,550.562,0.00032813649190477356
,,551.025,0.013399993478887762
,,551.495,0.01557867959592285
,,551.957,0.017757300784151053
,,552.423,0.03670894313842954
,,552.888,0.045423492820149125
,,553.353,0.008386478118621699
,,553.817,0.00032813649190477356
,,554.283,0.01710109272914828
,,554.747,0.004029170813358407
,,555.213,0.002506757680132976
,,555.677,0.00032813649190477356
,,556.142,0.09836732360950429
,,556.606,0.025815642410867867
,,557.069,0.01122137229065956
,,557.539,0.01122137229065956
,,558.002,0.023637021222639776
,,558.469,0.05697300160271357
,,558.934,0.004029170813358407
,,559.4,0.00032813649190477356
,,559.859,0.028650536582905728
,,560.324,0.026471915394677525
,,560.789,0.013399993478887762
,,561.255,0.004029170813358407
,,561.721,0.004029170813358407
,,562.186,0.08028188633344846
,,562.654,0.019279713917376484
,,563.117,0.004029170813358407
,,563.584,0.00032813649190477356
,,564.047,0.004029170813358407
,,564.51,0.014922406612113193
,,564.98,0.019935986901186142
,,565.446,0.009042751102431357
,,565.909,0.01557867959592285
,,566.374,0.019935986901186142
,,566.839,0.03670894313842954
,,567.305,0.004029170813358407
,,567.769,0.024293294206449434
,,568.235,0.017757300784151053
,,568.699,0.021458400034411573
,,569.165,0.00032813649190477356
,,569.625,0.021458400034411573
,,570.095,0.05195948624244762
,,570.558,0.00032813649190477356
,,571.02,0.01274378542388499
,,571.488,0.01557867959592285
,,571.951,0.01274378542388499
,,572.416,0.004029170813358407
,,572.884,0.01710109272914828
,,573.349,0.00032813649190477356
,,573.814,0.08747408781074961
,,574.28,0.027994328527902956
,,574.739,0.017757300784151053
,,575.205,0.004685443797168065
,,575.676,0.023637021222639776
,,576.135,0.024293294206449434
,,576.603,0.05195948624244762
,,577.065,0.16808411063610285
,,577.529,0.10708193822003087
,,577.998,0.002506757680132976
,,578.464,0.11296165865851959
,,578.928,0.004029170813358407
,,579.394,0.00032813649190477356
,,579.859,0.021458400034411573
,,580.324,0.006864064985396268
,,580.784,0.05195948624244762
,,581.25,0.047602178937184325
,,581.715,0.021458400034411573
,,582.18,0.0018505496251303155
,,582.651,0.00032813649190477356
,,583.113,0.00032813649190477356
,,583.576,0.004029170813358407
,,584.039,0.013399993478887762
,,584.507,0.024293294206449434
,,584.969,0.03235163583316625
,,585.435,0.025815642410867867
,,585.901,0.00032813649190477356
,,586.367,0.00032813649190477356
,,586.832,0.00032813649190477356
,,587.298,0.008386478118621699
,,587.763,0.00032813649190477356
,,588.229,0.009042751102431357
,,588.695,0.004685443797168065
,,589.161,0.01274378542388499
,,589.621,0.009042751102431357
,,590.091,0.021458400034411573
,,590.555,0.006864064985396268
,,591.017,0.006864064985396268
,,591.48,0.00032813649190477356
,,591.95,0.00032813649190477356
,,592.409,0.004685443797168065
,,592.876,0.017757300784151053
,,593.342,0.00032813649190477356
,,593.807,0.004685443797168065
,,594.273,0.01274378542388499
,,594.74,0.01274378542388499
,,595.205,0.01557867959592285
,,595.666,0.0062077920015866095
,,596.135,0.01122137229065956
,,596.596,0.01274378542388499
,,597.066,0.008386478118621699
,,597.529,0.00032813649190477356
,,597.991,0.03670894313842954
,,598.458,0.00032813649190477356
,,598.92,0.01557867959592285
,,599.386,0.00032813649190477356
,,599.851,0.002506757680132976
,,600.316,0.03670894313842954
,,600.781,0.01557867959592285
,,601.246,0.026471915394677525
,,601.711,0.026471915394677525
,,602.176,0.00032813649190477356
,,602.643,0.004029170813358407
,,603.106,0.027994328527902956
,,603.573,0.03235163583316625
,,604.036,0.004029170813358407
,,604.499,0.01557867959592285
,,604.969,0.014922406612113193
,,605.435,0.026471915394677525
,,605.901,0.01274378542388499
,,606.359,0.2421582049679647
,,606.825,0.009042751102431357
,,607.29,0.03017294971613116
,,607.755,0.014922406612113193
,,608.221,0.024293294206449434
,,608.688,0.006864064985396268
,,609.154,0.054794380414485366
,,609.614,0.00032813649190477356
,,610.084,0.05915162279094177
,,610.547,0.03888756432665774
,,611.01,0.009042751102431357
,,611.48,0.004029170813358407
,,611.943,0.019279713917376484
,,612.409,0.008386478118621699
,,612.874,0.009042751102431357
,,613.339,0.004029170813358407
,,613.799,0.0062077920015866095
,,614.264,0.004685443797168065
,,614.729,0.01122137229065956
,,615.194,0.00032813649190477356
,,615.662,0.024293294206449434
,,616.125,0.00032813649190477356
,,616.595,0.004029170813358407
,,617.058,0.009042751102431357
,,617.521,0.013399993478887762
,,617.984,0.009042751102431357
,,618.45,0.050437073109222075
,,618.92,0.00032813649190477356
,,619.385,0.002506757680132976
,,619.851,0.002506757680132976
,,620.309,0.004685443797168065
,,620.775,0.010565099306849901
,,621.241,0.009042751102431357
,,621.706,0.028650536582905728
,,622.172,0.010565099306849901
,,622.64,0.00032813649190477356
,,623.102,0.017757300784151053
,,623.565,0.002506757680132976
,,624.035,0.017757300784151053
,,624.496,0.019935986901186142
,,624.959,0.0606740359241672
,,625.425,0.004685443797168065
,,625.891,0.017757300784151053
,,626.356,0.004685443797168065
,,626.821,0.026471915394677525
,,627.286,0.022114608089414234
,,627.75,0.010565099306849901
,,628.216,0.01710109272914828
,,628.681,0.004029170813358407
,,629.147,0.008386478118621699
,,629.61,0.00032813649190477356
,,630.08,0.010565099306849901
,,630.54,0.05631672861890391
,,631.011,0.006864064985396268
,,631.47,0.01557867959592285
,,631.934,0.002506757680132976
,,632.4,0.006864064985396268
,,632.865,0.004029170813358407
,,633.331,0.006864064985396268
,,633.796,0.028650536582905728
,,634.262,0.024293294206449434
,,634.728,0.01557867959592285
,,635.194,0.004029170813358407
,,635.654,0.00032813649190477356
,,636.124,0.010565099306849901
,,636.584,0.06721002934646558
,,637.054,0.0062077920015866095
,,637.517,0.004685443797168065
,,637.979,0.006864064985396268
,,638.445,0.19575030267210114
,,638.915,0.009042751102431357
,,639.374,0.01557867959592285
,,639.839,0.019935986901186142
,,640.305,0.004685443797168065
,,640.769,0.04978080012541242
,,641.235,0.03736515119343231
,,641.7,0.004685443797168065
,,642.165,0.009042751102431357
,,642.636,0.03300784388816902
,,643.098,0.026471915394677525
,,643.566,0.00032813649190477356
,,644.028,0.004029170813358407
,,644.489,0.017757300784151053
,,644.958,0.021458400034411573
,,645.424,0.00032813649190477356
,,645.891,0.045423492820149125
,,646.349,0.004029170813358407
,,646.814,0.014922406612113193
,,647.28,0.006864064985396268
,,647.747,0.006864064985396268
,,648.213,0.009042751102431357
,,648.677,0.006864064985396268
,,649.143,0.05631672861890391
,,649.606,0.002506757680132976
,,650.069,0.008386478118621699
,,650.539,0.00032813649190477356
,,651.002,0.05697300160271357
,,651.468,0.01710109272914828
,,651.934,0.025815642410867867
,,652.4,0.004685443797168065
,,652.865,0.027994328527902956
,,653.324,0.004029170813358407
,,653.795,0.00032813649190477356
,,654.254,0.008386478118621699
,,654.721,0.00032813649190477356
,,655.187,0.00032813649190477356
,,655.655,0.00032813649190477356
,,656.118,0.047602178937184325
,,656.58,0.03888756432665774
,,657.05,0.00032813649190477356
,,657.514,0.01122137229065956
,,657.976,0.027994328527902956
,,658.442,0.019279713917376484
,,658.905,0.00032813649190477356
,,659.371,0.01122137229065956
,,659.836,0.16307059527583678
,,660.301,0.019935986901186142
,,660.768,0.010565099306849901
,,661.233,0.008386478118621699
,,661.7,0.027994328527902956
,,662.165,0.03888756432665774
,,662.628,0.009042751102431357
,,663.091,0.004029170813358407
,,663.554,0.019935986901186142
,,664.024,0.00032813649190477356
,,664.488,0.019935986901186142
,,664.95,0.004029170813358407
,,665.416,0.006864064985396268
,,665.884,0.05697300160271357
,,666.35,0.004685443797168065
,,666.815,0.05261569429745028
,,667.28,0.004029170813358407
,,667.74,0.010565099306849901
,,668.205,0.022114608089414234
,,668.677,0.028650536582905728
,,669.135,0.006864064985396268
,,669.599,0.004029170813358407
,,670.068,0.004029170813358407
,,670.529,0.004029170813358407
,,670.998,0.027994328527902956
,,671.464,0.002506757680132976
,,671.928,0.0018505496251303155
,,672.394,0.008386478118621699
,,672.859,0.017757300784151053
,,673.324,0.01557867959592285
,,673.784,0.00032813649190477356
,,674.25,0.0018505496251303155
,,674.714,0.05697300160271357
,,675.18,0.27418170430922617
,,675.647,0.27265929117600074
,,676.11,0.009042751102431357
,,676.58,0.024293294206449434
,,677.042,0.019935986901186142
,,677.51,0.006864064985396268
,,677.973,0.008386478118621699
,,678.438,0.006864064985396268
,,678.902,0.004029170813358407
,,679.368,0.18703568806157456
,,679.832,0.00032813649190477356
,,680.298,0.0062077920015866095
,,680.763,0.00032813649190477356
,,681.228,0.00032813649190477356
,,681.695,0.004029170813358407
,,682.161,0.002506757680132976
,,682.621,0.00032813649190477356
,,683.091,0.013399993478887762
,,683.554,0.00032813649190477356
,,684.017,0.006864064985396268
,,684.481,0.01122137229065956
,,684.95,0.01122137229065956
,,685.409,0.009042751102431357
,,685.874,0.00032813649190477356
,,686.339,0.006864064985396268
,,686.806,0.004029170813358407
,,687.271,0.010565099306849901
,,687.736,0.03888756432665774
,,688.201,0.01122137229065956
,,688.673,0.021458400034411573
,,689.131,0.00032813649190477356
,,689.599,0.027994328527902956
,,690.061,0.004685443797168065
,,690.525,0.004029170813358407
,,690.994,0.03017294971613116
,,691.46,0.009042751102431357
,,691.923,0.002506757680132976
,,692.388,0.00032813649190477356
,,692.855,0.014922406612113193
,,693.314,0.017757300784151053
,,693.78,0.00032813649190477356
,,694.246,0.03888756432665774
,,694.71,0.03235163583316625
,,695.176,0.2611098473222432
,,695.644,0.01274378542388499
,,696.106,0.0062077920015866095
,,696.569,0.006864064985396268
,,697.039,0.00032813649190477356
,,697.503,0.004029170813358407
,,697.965,0.006864064985396268
,,698.431,0.021458400034411573
,,698.895,0.09553242943746643
,,699.36,0.009042751102431357
,,699.824,0.00032813649190477356
,,700.29,0.00032813649190477356
,,700.755,0.009042751102431357
,,701.221,0.01710109272914828
,,701.688,0.019935986901186142
,,702.153,0.019279713917376484
,,702.614,0.010565099306849901
,,703.084,0.01274378542388499
,,703.547,0.01274378542388499
,,704.01,0.002506757680132976
,,704.477,0.004685443797168065
,,704.939,0.01710109272914828
,,705.405,0.004029170813358407
,,705.87,0.00032813649190477356
,,706.336,0.00032813649190477356
,,706.802,0.026471915394677525
,,707.268,0.008386478118621699
,,707.732,0.09618870242127608
,,708.198,0.002506757680132976
,,708.666,0.00032813649190477356
,,709.128,0.006864064985396268
,,709.591,0.06786623740146824
,,710.061,0.017757300784151053
,,710.521,0.004029170813358407
,,710.984,0.01122137229065956
,,711.449,0.01274378542388499
,,711.92,0.00032813649190477356
,,712.385,0.01710109272914828
,,712.844,0.019279713917376484
,,713.309,0.002506757680132976
,,713.777,0.33736249791352624
,,714.242,0.009042751102431357
,,714.706,0.00032813649190477356
,,715.172,0.05697300160271357
,,715.636,0.03300784388816902
,,716.106,0.027994328527902956
,,716.566,0.00032813649190477356
,,717.029,0.004029170813358407
,,717.499,0.01710109272914828
,,717.961,0.024293294206449434
,,718.427,0.026471915394677525
,,718.891,0.00032813649190477356
,,719.357,0.002506757680132976
,,719.824,0.004029170813358407
,,720.29,0.03888756432665774
,,720.755,0.019935986901186142
,,721.221,0.00032813649190477356
,,721.68,0.14564136605478373
,,722.146,0.00032813649190477356
,,722.614,0.0018505496251303155
,,723.076,0.021458400034411573
,,723.544,0.019935986901186142
,,724.006,0.0018505496251303155
,,724.477,0.002506757680132976
,,724.939,0.027994328527902956
,,725.406,0.01274378542388499
,,725.865,0.019279713917376484
,,726.331,0.01122137229065956
,,726.795,0.023637021222639776
,,727.26,0.03736515119343231
,,727.725,0.00032813649190477356
,,728.19,0.021458400034411573
,,728.658,0.019935986901186142
,,729.121,0.004685443797168065
,,729.584,0.008386478118621699
,,730.054,0.023637021222639776
,,730.517,0.00032813649190477356
,,730.98,0.0018505496251303155
,,731.445,0.03518653000520411
,,731.916,0.013399993478887762
,,732.374,0.006864064985396268
,,732.843,0.05261569429745028
,,733.309,0.05195948624244762
,,733.774,0.05631672861890391
,,734.239,0.013399993478887762
,,734.699,0.026471915394677525
,,735.164,0.01557867959592285
,,735.632,0.03017294971613116
,,736.095,0.0018505496251303155
,,736.566,0.045423492820149125
,,737.028,0.009042751102431357
,,737.496,0.05915162279094177
,,737.958,0.004029170813358407
,,738.423,0.014922406612113193
,,738.888,0.03017294971613116
,,739.353,0.021458400034411573
,,739.821,0.006864064985396268
,,740.279,0.00032813649190477356
,,740.744,0.004029170813358407
,,741.209,0.043901079686923694
,,741.677,0.048258386992186986
,,742.142,0.00032813649190477356
,,742.61,0.017757300784151053
,,743.073,0.006864064985396268
,,743.536,0.026471915394677525
,,744.005,0.01274378542388499
,,744.464,0.014922406612113193
,,744.936,0.004029170813358407
,,745.394,0.008386478118621699
,,745.861,0.030829222699940817
,,746.327,0.0062077920015866095
,,746.795,0.004685443797168065
,,747.261,0.008386478118621699
,,747.726,0.006864064985396268
,,748.184,0.00032813649190477356
,,748.655,0.01122137229065956
,,749.117,0.004029170813358407
,,749.585,0.00032813649190477356
,,750.047,0.00032813649190477356
,,750.51,0.00032813649190477356
,,750.979,0.030829222699940817
,,751.445,0.01274378542388499
,,751.908,0.03300784388816902
,,752.374,0.004029170813358407
,,752.839,0.004029170813358407
,,753.305,0.006864064985396268
,,753.765,0.041066185514885944
,,754.231,0.00032813649190477356
,,754.696,0.025815642410867867
,,755.162,0.008386478118621699
,,755.624,0.004029170813358407
,,756.094,0.025815642410867867
,,756.555,0.04607976580395878
,,757.025,0.00032813649190477356
,,757.488,0.022114608089414234
,,757.95,0.006864064985396268
,,758.416,0.0018505496251303155
,,758.881,0.008386478118621699
,,759.347,0.0018505496251303155
,,759.814,0.026471915394677525
,,760.279,0.019279713917376484
,,760.743,0.010565099306849901
,,761.209,0.014922406612113193
,,761.676,0.03235163583316625
,,762.135,0.010565099306849901
,,762.608,0.009042751102431357
